name,team,position,cost,status,minutes,total_points,bonus,points_per_game,selected_by_percent
Mustafi,ARS,DEF,5.1,Injured,1205,43,2,2.9,0.4
Bellerín,ARS,DEF,5.2,Available,1156,44,4,2.9,1.0
Kolasinac,ARS,DEF,5.2,Available,1694,55,1,2.1,0.5
Maitland-Niles,ARS,DEF,4.5,Available,1382,41,3,2.0,2.2
Sokratis,ARS,DEF,4.8,Available,1696,57,5,3.0,1.3
Monreal,ARS,DEF,5.0,NotAvail,270,10,1,3.3,0.2
Koscielny,ARS,DEF,5.0,NotAvail,0,0,0,0.0,0.1
Mavropanos,ARS,DEF,4.3,NotAvail,0,0,0,0.0,0.0
Jenkinson,ARS,DEF,4.5,NotAvail,0,0,0,0.0,0.0
Holding,ARS,DEF,4.4,Available,580,16,2,2.0,0.2
Aubameyang,ARS,FWD,10.9,Available,3136,205,37,5.7,22.4
Lacazette,ARS,FWD,9.2,Available,1867,118,16,3.9,2.4
Nketiah,ARS,FWD,4.3,Available,628,25,1,1.9,1.6
Leno,ARS,GKP,4.8,Available,2649,114,10,3.8,4.2
Özil,ARS,MID,6.9,Available,1439,53,1,2.9,1.1
Mkhitaryan,ARS,MID,6.7,Available,110,4,0,1.3,0.7
Xhaka,ARS,MID,5.1,Available,2586,73,2,2.4,0.8
Torreira,ARS,MID,4.7,Available,1501,46,0,1.6,1.0
Elneny,ARS,MID,4.2,Available,0,0,0,0.0,0.5
Guendouzi,ARS,MID,4.1,Available,1744,48,2,2.0,7.1
David Luiz,ARS,DEF,5.7,Available,2809,94,10,2.8,5.1
Martínez,ARS,GKP,4.4,Available,770,33,1,3.7,3.8
Chambers,ARS,DEF,4.3,Injured,1102,42,5,3.0,0.6
Ceballos,ARS,MID,5.2,Available,1687,57,3,2.4,3.0
Cédric,ARS,DEF,4.8,Available,1553,61,3,2.9,0.4
Pépé,ARS,MID,8.9,Available,2004,106,9,3.4,3.0
Nelson,ARS,MID,5.3,Available,622,30,0,1.8,0.1
Willock,ARS,MID,4.7,Available,838,41,0,1.4,0.2
Martinelli,ARS,FWD,4.2,Injured,656,39,5,2.8,1.8
Tierney,ARS,DEF,5.3,Available,986,42,4,2.8,1.1
Saka,ARS,MID,4.7,Available,1746,71,4,2.7,5.7
Smith Rowe,ARS,MID,4.3,Available,96,4,0,2.0,0.0
John-Jules,ARS,FWD,4.4,Available,0,0,0,0.0,0.0
Marí,ARS,DEF,4.4,Injured,113,8,1,4.0,0.0
Medley,ARS,DEF,4.0,Available,0,0,0,0.0,0.0
Macey,ARS,GKP,4.0,Available,0,0,0,0.0,0.0
Smith,ARS,DEF,4.0,Available,0,0,0,0.0,0.0
El Mohamady,AVL,DEF,4.1,Available,1024,39,7,2.2,1.0
Chester,AVL,DEF,4.2,Available,0,0,0,0.0,0.0
Taylor,AVL,DEF,4.2,Available,1088,22,0,1.6,0.2
Hause,AVL,DEF,4.4,Available,1544,34,0,1.9,0.1
Kodjia,AVL,FWD,5.4,NotAvail,111,5,0,0.8,0.1
Nyland,AVL,GKP,4.3,Available,537,15,0,2.1,0.4
Hourihane,AVL,MID,5.7,Available,1526,83,9,3.1,0.2
Grealish,AVL,MID,5.9,Available,3233,149,19,4.1,14.4
El Ghazi,AVL,MID,5.2,Available,2046,93,0,2.7,0.7
McGinn,AVL,MID,5.2,Available,2312,84,4,3.0,2.6
Green,AVL,MID,4.8,Available,0,0,0,0.0,0.0
Bjarnason,AVL,MID,4.5,NotAvail,0,0,0,0.0,0.0
Davis,AVL,MID,4.2,Available,534,25,0,1.4,0.3
Lansbury,AVL,MID,4.4,Available,190,12,0,1.2,0.3
Jota,AVL,MID,5.7,Available,329,17,0,1.7,0.2
Heaton,AVL,GKP,4.3,Injured,1794,59,3,3.0,2.1
Drinkwater,AVL,MID,4.4,Available,317,6,0,1.2,0.5
Targett,AVL,DEF,4.3,Available,2291,80,10,2.9,1.1
Wesley,AVL,FWD,5.4,Injured,1782,67,7,3.2,0.8
Steer,AVL,GKP,4.3,Available,7,1,0,1.0,0.1
Mings,AVL,DEF,4.4,Available,2902,90,9,2.7,3.3
Konsa,AVL,DEF,4.3,Available,2038,65,4,2.6,0.2
Engels,AVL,DEF,4.3,Available,1446,42,4,2.5,0.4
Guilbert,AVL,DEF,4.3,Available,2038,62,4,2.5,0.4
Trézéguet,AVL,MID,5.2,Available,1936,98,7,2.9,1.8
Douglas Luiz,AVL,MID,4.3,Available,2604,90,5,2.5,3.7
Kalinic,AVL,GKP,4.2,Available,0,0,0,0.0,0.1
Nakamba,AVL,MID,4.4,Available,1826,43,0,1.5,0.6
Vassilev,AVL,MID,4.5,Available,47,4,0,1.0,0.0
Reina,AVL,GKP,4.2,Available,1080,41,4,3.4,1.1
Samatta,AVL,FWD,5.1,Available,940,29,2,2.1,0.2
Bastón,AVL,FWD,5.3,NotAvail,16,2,0,1.0,0.0
Hayden,AVL,MID,4.5,Available,0,0,0,0.0,0.0
Steve Cook,BOU,DEF,5.0,Available,2427,52,5,1.8,0.2
Aké,BOU,DEF,4.8,Available,2503,79,6,2.7,6.0
Daniels,BOU,DEF,4.2,Available,126,3,0,1.5,0.1
Mepham,BOU,DEF,4.3,Available,911,27,2,2.2,0.6
Francis,BOU,DEF,4.3,Available,964,16,1,1.1,0.0
Adam Smith,BOU,DEF,4.3,Available,2055,49,3,2.0,0.4
Kelly,BOU,DEF,4.4,Available,638,11,0,1.4,0.1
Rico,BOU,DEF,4.2,Available,2333,84,10,3.1,7.3
Simpson,BOU,DEF,3.9,Available,238,4,0,1.0,7.8
Callum Wilson,BOU,FWD,7.4,Available,2906,116,8,3.3,4.2
King,BOU,FWD,6.1,Available,2010,99,11,3.8,3.3
Solanke,BOU,FWD,5.1,Available,1637,69,3,2.2,0.4
Surridge,BOU,FWD,4.3,Available,25,4,0,1.0,0.6
Begovic,BOU,GKP,4.2,Available,0,0,0,0.0,0.7
Boruc,BOU,GKP,4.2,Available,0,0,0,0.0,0.2
Travers,BOU,GKP,4.2,Available,90,1,0,1.0,0.1
Fraser,BOU,MID,6.8,NotAvail,2061,73,2,2.6,2.4
Brooks,BOU,MID,6.1,Available,505,21,1,2.3,0.1
Stanislas,BOU,MID,5.8,Available,706,42,2,2.8,0.1
Ibe,BOU,MID,4.6,NotAvail,48,2,0,1.0,0.1
Lewis Cook,BOU,MID,5.0,Available,1340,40,0,1.5,0.0
Surman,BOU,MID,4.7,Available,234,6,0,1.2,0.0
Gosling,BOU,MID,4.8,Available,1254,54,1,2.2,0.1
Lerma,BOU,MID,4.8,Available,2702,65,2,2.0,0.1
Stacey,BOU,DEF,4.3,Available,1547,39,4,2.1,0.1
Billing,BOU,MID,4.9,Available,2526,68,5,2.0,0.2
Danjuma,BOU,MID,5.8,Available,625,24,0,1.7,0.0
Ramsdale,BOU,GKP,4.4,Available,3330,126,13,3.4,3.2
Harry Wilson,BOU,MID,5.7,Available,1637,91,7,2.9,1.5
Saydee,BOU,MID,4.5,Available,0,0,0,0.0,0.0
Kilkenny,BOU,MID,4.5,Available,0,0,0,0.0,0.0
Dobre,BOU,MID,4.4,Available,0,0,0,0.0,0.0
Duffy,BHA,DEF,4.8,Available,1232,44,1,2.3,0.8
Montoya,BHA,DEF,4.3,Available,1892,62,3,2.3,0.5
Bernardo,BHA,DEF,4.3,Available,675,21,3,1.5,0.1
Balogun,BHA,DEF,4.3,NotAvail,0,0,0,0.0,0.0
Bong,BHA,DEF,4.2,NotAvail,57,3,0,0.8,0.1
Dunk,BHA,DEF,4.8,Available,3230,128,17,3.6,12.5
Clarke,BHA,DEF,4.3,Available,0,0,0,0.0,0.0
Murray,BHA,FWD,5.4,Available,785,36,0,1.6,0.7
Locadia,BHA,FWD,5.2,NotAvail,85,3,0,1.5,0.1
Andone,BHA,FWD,4.7,Available,71,5,1,1.7,0.3
Ryan,BHA,GKP,4.7,Available,3420,135,14,3.6,11.5
Button,BHA,GKP,3.9,Available,0,0,0,0.0,18.2
Groß,BHA,MID,6.2,Available,1791,76,7,2.6,0.4
Jahanbakhsh,BHA,MID,5.8,Available,305,28,2,2.8,0.1
Izquierdo,BHA,MID,5.4,Injured,0,0,0,0.0,0.0
Knockaert,BHA,MID,5.3,Available,0,0,0,0.0,0.0
Bissouma,BHA,MID,5.0,Available,1253,39,0,1.8,0.0
Pröpper,BHA,MID,4.8,Available,2826,78,2,2.2,0.3
March,BHA,MID,4.6,Available,1139,38,3,2.0,0.2
Kayal,BHA,MID,4.2,Available,0,0,0,0.0,0.1
Stephens,BHA,MID,4.4,Available,2525,63,1,1.9,1.5
Trossard,BHA,MID,5.8,Available,2004,104,9,3.4,0.5
Burn,BHA,DEF,4.5,Available,2879,86,3,2.5,0.3
Webster,BHA,DEF,4.4,Available,2668,88,7,2.8,0.5
Maupay,BHA,FWD,5.7,Available,2763,131,21,3.5,1.8
Mooy,BHA,MID,4.7,Available,2079,80,9,2.6,0.4
Connolly,BHA,FWD,4.2,Available,1250,61,5,2.5,2.7
Baluta,BHA,DEF,4.0,Available,0,0,0,0.0,0.2
Alzate,BHA,MID,4.4,Available,1181,33,0,1.7,0.1
Schelotto,BHA,DEF,3.9,Available,357,9,0,1.2,0.6
Lamptey,BHA,DEF,4.1,Available,619,26,0,2.9,1.5
Mac Allister,BHA,MID,5.4,Available,348,12,0,1.3,0.0
Cochrane,BHA,DEF,4.0,Available,0,0,0,0.0,0.0
Mee,BUR,DEF,4.9,Available,2880,110,6,3.4,0.9
Tarkowski,BUR,DEF,5.5,Available,3420,143,14,3.8,9.3
Lowton,BUR,DEF,4.2,Available,1530,48,1,2.8,0.3
Bardsley,BUR,DEF,4.4,Available,1890,78,6,3.7,2.1
Taylor,BUR,DEF,4.3,Available,1944,84,5,3.5,2.1
Long,BUR,DEF,4.3,Available,562,21,0,2.6,0.3
Gibson,BUR,DEF,3.9,Available,0,0,0,0.0,2.1
Barnes,BUR,FWD,6.1,Available,1350,61,6,3.2,2.1
Wood,BUR,FWD,6.2,Available,2436,136,21,4.2,2.4
Vydra,BUR,FWD,5.1,Available,807,39,3,2.1,0.1
Pope,BUR,GKP,5.2,Available,3420,170,23,4.5,23.1
Hart,BUR,GKP,4.2,NotAvail,0,0,0,0.0,1.0
Gudmundsson,BUR,MID,5.9,Available,617,30,1,2.5,0.4
McNeil,BUR,MID,6.0,Available,3339,123,6,3.2,1.0
Brady,BUR,MID,5.5,Available,445,32,0,1.9,0.0
Defour,BUR,MID,5.5,NotAvail,0,0,0,0.0,0.0
Hendrick,BUR,MID,5.4,NotAvail,1930,67,4,2.8,0.1
Westwood,BUR,MID,5.5,Available,3150,118,11,3.4,0.8
Cork,BUR,MID,4.9,Injured,2614,70,0,2.3,0.2
Lennon,BUR,MID,4.6,NotAvail,485,15,0,0.9,0.1
Pieters,BUR,DEF,4.3,Available,1876,77,10,3.2,6.7
Rodriguez,BUR,FWD,5.7,Available,2002,100,9,2.8,1.0
Peacock-Farrell,BUR,GKP,4.3,Available,0,0,0,0.0,0.1
Goodridge,BUR,MID,4.5,Available,0,0,0,0.0,0.0
Driscoll-Glennon,BUR,DEF,3.9,Available,0,0,0,0.0,0.1
Koiki,BUR,DEF,4.0,NotAvail,0,0,0,0.0,0.0
Brownhill,BUR,MID,4.8,Available,805,21,0,2.1,0.0
Dunne,BUR,DEF,4.0,Available,0,0,0,0.0,0.0
Thomas,BUR,DEF,4.0,Available,0,0,0,0.0,0.0
Thompson,BUR,FWD,4.5,Available,2,1,0,1.0,0.0
Jensen,BUR,GKP,4.0,Available,0,0,0,0.0,0.0
Benson,BUR,MID,4.5,Available,0,0,0,0.0,0.0
Mumbongo,BUR,FWD,4.5,Available,0,0,0,0.0,0.0
Alonso,CHE,DEF,6.1,Available,1429,100,11,5.6,3.1
Rüdiger,CHE,DEF,5.9,Available,1710,63,5,3.1,0.7
Azpilicueta,CHE,DEF,6.1,Available,3229,130,16,3.6,8.8
Emerson,CHE,DEF,5.4,Available,1022,19,0,1.3,0.7
Christensen,CHE,DEF,4.8,Available,1751,34,0,1.6,0.7
Zappacosta,CHE,DEF,4.2,Available,0,0,0,0.0,0.2
Giroud,CHE,FWD,6.7,Available,988,68,5,3.8,3.2
Kepa,CHE,GKP,5.4,Available,2970,90,0,2.7,4.3
Caballero,CHE,GKP,4.8,Available,450,13,0,2.6,0.2
Willian,CHE,MID,7.3,Available,2595,168,26,4.7,10.7
Pedro,CHE,MID,6.8,Available,659,32,1,2.9,1.1
Loftus-Cheek,CHE,MID,5.9,Available,203,12,0,1.7,0.1
Hudson-Odoi,CHE,MID,5.1,Available,849,53,3,2.4,0.4
Barkley,CHE,MID,5.6,Available,1095,61,5,2.9,1.6
Jorginho,CHE,MID,4.9,Available,2376,92,9,3.0,2.8
Kanté,CHE,MID,5.0,Available,1730,57,2,2.6,3.5
Ampadu,CHE,MID,4.3,Available,0,0,0,0.0,0.0
Pulisic,CHE,MID,7.4,Doubtful,1717,127,8,5.1,13.0
Kovacic,CHE,MID,5.3,Suspended,2065,68,6,2.2,0.9
Zouma,CHE,DEF,4.7,Available,2343,62,2,2.2,1.7
Abraham,CHE,FWD,7.3,Available,2206,153,20,4.5,14.0
Batshuayi,CHE,FWD,6.6,Available,224,28,1,1.8,0.5
Kenedy,CHE,MID,5.2,Available,0,0,0,0.0,0.0
Mount,CHE,MID,6.0,Available,2865,137,11,3.7,12.7
James,CHE,DEF,4.9,Available,1510,61,5,2.5,0.9
Tomori,CHE,DEF,4.2,Available,1291,48,7,3.2,1.4
Gilmour,CHE,MID,4.1,Injured,191,9,0,1.5,0.3
Guehi,CHE,DEF,3.9,Available,0,0,0,0.0,0.1
Anjorin,CHE,MID,4.5,Available,19,1,0,1.0,0.0
Broja,CHE,FWD,4.5,Available,4,1,0,1.0,0.0
Bate,CHE,MID,4.5,Available,0,0,0,0.0,0.0
van Aanholt,CRY,DEF,5.6,Injured,2507,109,12,3.8,4.7
Tomkins,CRY,DEF,4.9,Injured,1582,48,4,2.7,0.2
Sakho,CRY,DEF,5.0,Injured,929,11,0,0.8,0.1
Ward,CRY,DEF,4.3,Available,2380,77,8,2.7,1.5
Dann,CRY,DEF,4.3,Available,1264,51,3,3.2,0.2
Kelly,CRY,DEF,4.1,Available,1547,64,4,3.4,14.7
Benteke,CRY,FWD,5.7,Available,1252,42,1,1.8,0.5
Wickham,CRY,FWD,4.3,Available,90,15,2,2.5,1.8
Guaita,CRY,GKP,4.9,Available,3150,137,16,3.9,1.6
Hennessey,CRY,GKP,4.2,Available,270,7,0,2.3,0.6
Zaha,CRY,MID,6.6,Available,3279,120,4,3.2,8.4
Milivojevic,CRY,MID,6.7,Available,2510,81,9,2.6,1.9
Townsend,CRY,MID,5.6,Available,1284,48,0,2.0,0.9
Meyer,CRY,MID,5.2,Available,645,23,0,1.4,0.1
Schlupp,CRY,MID,5.4,Available,1030,51,4,3.0,0.1
McArthur,CRY,MID,5.2,Available,3091,92,2,2.5,0.6
Kouyaté,CRY,MID,4.8,Available,2524,85,4,2.4,0.2
Dreher,CRY,MID,4.3,Available,0,0,0,0.0,0.1
McCarthy,CRY,MID,4.2,Available,1668,41,0,1.2,0.9
Ayew,CRY,FWD,5.1,Available,3148,132,19,3.6,7.3
Cahill,CRY,DEF,4.3,Injured,2167,70,4,2.8,1.2
Camarasa,CRY,MID,4.5,NotAvail,5,1,0,1.0,0.1
Riedewald,CRY,MID,4.5,Available,761,22,0,1.3,0.0
Henderson,CRY,GKP,4.0,Available,0,0,0,0.0,0.4
Woods,CRY,DEF,3.9,Available,0,0,0,0.0,0.3
Mitchell,CRY,DEF,4.0,Available,193,4,0,1.0,0.1
Pierrick,CRY,MID,4.5,Available,13,2,0,1.0,0.0
Daly,CRY,FWD,4.5,NotAvail,0,0,0,0.0,0.0
Kirby,CRY,MID,4.5,Available,0,0,0,0.0,0.0
McGregor,CRY,MID,4.5,NotAvail,0,0,0,0.0,0.0
Tavares,CRY,DEF,4.0,NotAvail,0,0,0,0.0,0.0
Gordon,CRY,MID,4.5,Available,0,0,0,0.0,0.0
Iwobi,EVE,MID,5.6,Available,1591,52,2,2.1,0.9
Digne,EVE,DEF,5.9,Available,3031,120,16,3.4,13.4
Mina,EVE,DEF,5.3,Available,2281,78,8,2.7,1.9
Keane,EVE,DEF,5.2,Available,2556,90,9,2.9,2.4
Coleman,EVE,DEF,5.3,Available,1833,55,2,2.0,1.2
Baines,EVE,DEF,4.9,Available,400,14,0,1.8,0.2
Tosun,EVE,FWD,5.7,Injured,462,24,1,2.4,0.1
Calvert-Lewin,EVE,FWD,6.1,Available,2621,126,15,3.5,7.9
Pickford,EVE,GKP,5.2,Available,3420,117,5,3.1,6.3
Stekelenburg,EVE,GKP,3.9,Available,0,0,0,0.0,7.2
Richarlison,EVE,MID,8.2,Available,3070,165,13,4.6,9.2
Sigurdsson,EVE,MID,7.3,Available,2555,95,7,2.7,2.4
Bernard,EVE,MID,6.4,Available,1269,72,6,2.7,0.6
Walcott,EVE,MID,6.2,Available,1281,63,1,2.5,0.4
Davies,EVE,MID,5.3,Available,2020,59,3,2.0,0.1
Lookman,EVE,MID,5.0,NotAvail,0,0,0,0.0,0.0
Gueye,EVE,MID,5.0,NotAvail,0,0,0,0.0,0.0
Schneiderlin,EVE,MID,4.4,NotAvail,998,18,0,1.2,0.5
Delph,EVE,DEF,5.3,Available,1187,24,2,1.5,0.2
André Gomes,EVE,MID,5.2,Available,1457,39,3,2.1,0.3
Gibson,EVE,DEF,4.2,Available,0,0,0,0.0,0.1
Holgate,EVE,DEF,4.2,Available,2052,71,6,2.6,1.6
Lössl,EVE,GKP,4.2,Available,0,0,0,0.0,0.2
Kean,EVE,FWD,6.3,Available,830,53,5,1.8,1.4
Gbamin,EVE,MID,4.8,Injured,135,4,0,2.0,0.0
Sidibé,EVE,DEF,5.0,Available,1818,74,10,3.0,0.7
Baningime,EVE,MID,4.4,Available,0,0,0,0.0,0.0
Gordon,EVE,FWD,4.5,Available,436,17,1,1.5,0.1
Niasse,EVE,FWD,4.5,NotAvail,19,3,0,1.0,0.0
Cuco Martina,EVE,DEF,4.0,NotAvail,0,0,0,0.0,0.1
Virgínia,EVE,GKP,4.0,Available,0,0,0,0.0,0.0
Branthwaite,EVE,DEF,4.0,Available,299,11,2,2.8,0.4
Simms,EVE,FWD,4.5,Available,0,0,0,0.0,0.0
Pereira,LEI,DEF,6.2,Injured,2520,123,11,4.4,7.7
Chilwell,LEI,DEF,5.4,Injured,2374,114,8,4.2,6.3
Evans,LEI,DEF,5.3,Suspended,3384,128,12,3.4,5.7
Fuchs,LEI,DEF,4.2,Injured,770,26,2,2.4,0.3
Söyüncü,LEI,DEF,4.9,Available,3036,120,12,3.5,9.3
Morgan,LEI,DEF,4.1,Available,430,19,2,1.7,0.6
Vardy,LEI,FWD,9.7,Available,3032,210,34,6.0,27.2
Iheanacho,LEI,FWD,5.7,Available,953,64,7,3.2,0.5
Schmeichel,LEI,GKP,5.5,Available,3420,156,10,4.1,12.8
Jakupovic,LEI,GKP,4.2,Available,0,0,0,0.0,0.1
Ward,LEI,GKP,4.2,Available,0,0,0,0.0,0.2
Maddison,LEI,MID,7.3,Available,2624,125,14,4.0,12.1
Barnes,LEI,MID,5.8,Available,2075,133,9,3.7,2.1
Ghezzal,LEI,MID,5.1,Available,0,0,0,0.0,0.0
Albrighton,LEI,MID,5.1,Available,857,38,1,1.9,0.2
Gray,LEI,MID,5.0,Available,605,44,0,2.1,0.3
Ndidi,LEI,MID,5.0,Available,2671,85,5,2.7,1.7
James,LEI,MID,4.3,Available,5,1,0,1.0,0.2
Amartey,LEI,MID,4.2,Injured,0,0,0,0.0,0.3
Mendy,LEI,MID,4.3,Available,288,11,0,1.6,0.8
Choudhury,LEI,MID,4.2,Available,883,35,0,1.8,0.7
Pérez,LEI,MID,6.0,Available,1998,129,9,3.9,5.0
Bennett,LEI,DEF,4.8,Available,932,32,2,2.0,0.3
Justin,LEI,DEF,4.7,Available,1010,35,0,2.7,0.6
Tielemans,LEI,MID,6.1,Available,2823,117,5,3.2,3.7
King,LEI,MID,4.2,Available,0,0,0,0.0,0.4
Praet,LEI,MID,5.2,Available,1122,54,3,2.0,0.1
Benkovic,LEI,DEF,3.9,Available,0,0,0,0.0,0.0
Thomas,LEI,DEF,4.0,Available,267,15,3,5.0,0.8
Hirst,LEI,FWD,4.5,Available,9,2,0,1.0,0.0
Johnson,LEI,DEF,4.0,Available,0,0,0,0.0,0.0
Robertson,LIV,DEF,7.0,Available,3111,181,20,5.0,18.1
Alexander-Arnold,LIV,DEF,7.7,Available,3173,210,24,5.5,39.1
van Dijk,LIV,DEF,6.5,Available,3420,178,14,4.7,42.4
Gomez,LIV,DEF,5.3,Available,1999,93,7,3.3,3.9
Matip,LIV,DEF,5.2,Available,703,39,4,4.3,1.1
Lovren,LIV,DEF,5.3,Available,776,18,0,1.8,0.2
Firmino,LIV,FWD,9.3,Available,2985,155,20,4.1,10.1
Origi,LIV,FWD,5.1,Available,699,65,8,2.3,2.4
Alisson,LIV,GKP,6.2,Available,2543,122,11,4.2,9.2
Mignolet,LIV,GKP,4.5,NotAvail,0,0,0,0.0,0.0
Salah,LIV,MID,12.5,Available,2879,233,26,6.9,32.4
Mané,LIV,MID,12.1,Available,2745,221,27,6.3,19.7
Chamberlain,LIV,MID,6.1,Available,1475,76,2,2.5,0.6
Shaqiri,LIV,MID,6.3,Available,181,15,0,2.1,0.2
Lallana,LIV,MID,5.7,Available,371,27,1,1.8,0.1
Keita,LIV,MID,5.8,Available,806,52,3,2.9,0.3
Fabinho,LIV,MID,5.4,Available,2073,77,8,2.8,1.2
Henderson,LIV,MID,5.2,Available,2234,116,11,3.9,1.2
Wijnaldum,LIV,MID,5.4,Available,2933,107,5,2.9,2.1
Milner,LIV,MID,5.3,Available,924,49,3,2.2,0.5
Camacho,LIV,MID,4.5,NotAvail,0,0,0,0.0,0.0
Brewster,LIV,FWD,4.2,Available,0,0,0,0.0,0.5
Adrián,LIV,GKP,4.0,Available,873,27,0,2.5,2.0
Lonergan,LIV,GKP,4.2,Available,0,0,0,0.0,0.0
Kelleher,LIV,GKP,4.4,Available,0,0,0,0.0,0.0
Elliott,LIV,MID,4.5,Available,7,2,0,1.0,0.0
Jones,LIV,MID,4.5,Available,121,13,0,2.2,0.0
Williams,LIV,DEF,4.0,Available,228,14,3,2.3,0.4
Phillips,LIV,DEF,3.9,Available,0,0,0,0.0,0.0
Minamino,LIV,MID,5.8,Available,241,11,0,1.1,0.1
Hoever,LIV,DEF,3.9,Available,0,0,0,0.0,0.0
Laporte,MCI,DEF,6.3,Available,1096,63,0,4.2,4.1
Walker,MCI,DEF,5.7,Available,2392,114,7,3.9,13.2
Mendy,MCI,DEF,5.5,Available,1491,74,3,3.9,1.6
Zinchenko,MCI,DEF,5.2,Available,1271,49,1,2.6,2.4
Stones,MCI,DEF,5.3,Available,1118,34,0,2.1,1.0
Otamendi,MCI,DEF,4.8,Available,1710,82,6,3.4,2.4
Danilo,MCI,DEF,5.0,NotAvail,0,0,0,0.0,0.0
Agüero,MCI,FWD,11.6,Injured,1449,132,14,5.5,11.8
Jesus,MCI,FWD,9.9,Available,2018,146,17,4.3,8.2
Ederson,MCI,GKP,6.1,Available,3071,133,2,3.8,13.4
Bravo,MCI,GKP,4.7,Available,346,11,0,2.8,0.3
Sterling,MCI,MID,12.0,Available,2651,204,20,6.2,23.2
De Bruyne,MCI,MID,10.6,Available,2790,251,35,7.2,48.9
Sané,MCI,MID,9.1,NotAvail,11,1,0,1.0,0.2
Mahrez,MCI,MID,8.6,Available,1934,175,17,5.3,10.1
Bernardo Silva,MCI,MID,7.6,Available,2021,116,7,3.4,8.1
David Silva,MCI,MID,7.5,Available,1821,139,15,5.1,9.1
Foden,MCI,MID,5.5,Available,888,69,4,3.0,6.0
Fernandinho,MCI,MID,5.1,Available,2394,55,1,1.8,0.6
Gündogan,MCI,MID,5.1,Available,2012,65,4,2.1,1.2
Angeliño,MCI,DEF,4.6,NotAvail,422,11,1,1.8,0.1
Rodrigo,MCI,MID,5.3,Available,2480,92,5,2.6,1.2
Cancelo,MCI,DEF,5.1,Available,1205,45,3,2.6,0.8
Garcia,MCI,DEF,4.5,Available,790,38,0,2.9,1.0
Carson,MCI,GKP,4.0,Available,0,0,0,0.0,0.1
Harwood-Bellis,MCI,DEF,4.0,Available,0,0,0,0.0,0.0
Palmer,MCI,MID,4.5,Available,0,0,0,0.0,0.0
Doyle,MCI,MID,4.5,Available,15,1,0,1.0,0.0
Wan-Bissaka,MUN,DEF,5.5,Available,3070,127,16,3.6,18.9
Maguire,MUN,DEF,5.3,Available,3420,123,5,3.2,11.2
Smalling,MUN,DEF,5.2,Available,0,0,0,0.0,0.1
Young,MUN,DEF,5.4,NotAvail,953,24,0,2.0,0.3
Lindelöf,MUN,DEF,5.3,Available,3092,116,9,3.3,1.2
Shaw,MUN,DEF,5.4,Available,1730,67,2,2.8,0.7
Rojo,MUN,DEF,4.8,Available,121,3,0,1.0,0.1
Bailly,MUN,DEF,4.7,Available,148,9,0,2.2,0.1
Dalot,MUN,DEF,4.9,Available,65,4,0,1.0,0.1
Darmian,MUN,DEF,4.9,NotAvail,0,0,0,0.0,0.0
Jones,MUN,DEF,4.7,Available,135,2,0,1.0,0.1
Lukaku,MUN,FWD,8.5,NotAvail,0,0,0,0.0,0.3
Rashford,MUN,FWD,8.9,Available,2645,177,31,5.7,18.1
Greenwood,MUN,FWD,4.8,Available,1303,103,17,3.3,26.9
de Gea,MUN,GKP,5.3,Available,3420,143,8,3.8,11.5
Romero,MUN,GKP,4.6,Available,0,0,0,0.0,0.2
Grant,MUN,GKP,4.7,Available,0,0,0,0.0,0.1
Pogba,MUN,MID,8.3,Available,1202,51,2,3.2,3.5
Martial,MUN,MID,8.5,Available,2625,200,14,6.2,22.5
Sánchez,MUN,MID,6.8,Available,0,0,0,0.0,0.4
Lingard,MUN,MID,6.3,Available,923,32,0,1.5,0.7
Mata,MUN,MID,6.1,Available,747,38,2,2.0,0.4
James,MUN,MID,5.7,Available,2281,95,2,2.9,4.9
Fred,MUN,MID,5.1,Available,2157,50,0,1.7,0.3
Gomes,MUN,MID,4.7,NotAvail,19,2,0,1.0,0.1
Pereira,MUN,MID,4.7,Available,1478,60,1,2.4,0.4
Matic,MUN,MID,4.8,Available,1578,55,2,2.6,0.4
McTominay,MUN,MID,4.8,Available,1765,74,6,2.7,1.0
Chong,MUN,MID,4.2,Available,34,3,0,1.0,0.5
Garner,MUN,MID,4.3,Available,8,1,0,1.0,0.2
Tuanzebe,MUN,DEF,4.4,Available,187,7,0,1.4,0.1
Williams,MUN,DEF,3.8,Available,1003,51,3,3.0,3.4
Fernandes,MUN,MID,9.0,Available,1187,117,18,8.4,28.4
Ighalo,MUN,FWD,5.9,Available,92,11,0,1.0,0.3
Fosu-Mensah,MUN,DEF,4.5,Available,136,7,0,2.3,0.0
Ritchie,NEW,DEF,5.3,Available,1312,74,7,4.1,0.9
Schär,NEW,DEF,5.0,Doubtful,1669,55,2,2.5,1.1
Yedlin,NEW,DEF,4.4,Available,934,26,0,1.6,0.1
Fernández,NEW,DEF,4.6,Available,2617,102,13,3.2,2.9
Dummett,NEW,DEF,4.3,Available,1227,44,4,2.8,0.2
Manquillo,NEW,DEF,4.3,Available,1597,65,4,3.1,0.2
Lejeune,NEW,DEF,4.3,Available,440,24,1,4.0,0.0
Lascelles,NEW,DEF,4.2,Doubtful,2076,73,3,3.0,3.8
Clark,NEW,DEF,4.3,Available,1186,49,2,3.5,0.2
Muto,NEW,FWD,5.1,Available,207,9,0,1.1,0.1
Joselu,NEW,FWD,5.0,NotAvail,0,0,0,0.0,0.0
Dubravka,NEW,GKP,5.1,Available,3420,143,7,3.8,2.0
Darlow,NEW,GKP,4.3,Available,0,0,0,0.0,0.1
Woodman,NEW,GKP,3.9,Available,0,0,0,0.0,0.8
Almirón,NEW,MID,5.8,Available,3020,109,5,3.0,0.8
Atsu,NEW,MID,5.3,Available,738,37,0,1.9,0.1
Ki Sung-yueng,NEW,MID,4.7,NotAvail,135,4,0,1.3,0.0
Shelvey,NEW,MID,4.9,Available,2118,105,15,4.0,1.0
Longstaff,NEW,MID,5.0,Available,1370,44,0,1.9,0.2
Hayden,NEW,MID,4.4,Available,2220,73,3,2.5,3.1
Rose,NEW,DEF,5.3,Available,1753,47,0,2.0,1.3
Joelinton,NEW,FWD,5.5,Available,2678,78,3,2.1,0.9
Colback,NEW,MID,4.3,NotAvail,0,0,0,0.0,0.1
Murphy,NEW,MID,4.7,Available,0,0,0,0.0,0.0
Willems,NEW,DEF,4.3,NotAvail,1492,64,6,3.4,0.6
Aarons,NEW,MID,4.8,Available,0,0,0,0.0,0.0
Saint-Maximin,NEW,MID,5.2,Available,1860,92,7,3.5,1.8
Krafth,NEW,DEF,4.3,Available,1015,37,2,2.2,0.1
Carroll,NEW,FWD,5.4,Available,617,34,0,1.8,0.1
Matthew Longstaff,NEW,MID,4.5,Available,572,27,2,3.0,0.1
Gayle,NEW,FWD,5.0,Available,842,58,10,2.9,0.5
Elliot,NEW,GKP,4.0,NotAvail,0,0,0,0.0,0.1
Allan,NEW,MID,4.5,Available,0,0,0,0.0,0.0
Watts,NEW,DEF,3.9,Available,16,1,0,1.0,0.2
Gibson,NEW,DEF,4.0,NotAvail,0,0,0,0.0,0.0
Bentaleb,NEW,MID,4.7,Available,747,19,0,1.6,0.0
Lazaro,NEW,MID,5.3,Available,472,19,0,1.5,0.0
Young,NEW,MID,4.5,Available,0,0,0,0.0,0.0
Klose,NOR,DEF,4.3,Available,585,9,0,1.3,0.0
Godfrey,NOR,DEF,4.4,Available,2644,38,0,1.3,0.2
Aarons,NOR,DEF,4.2,Available,3240,66,3,1.8,1.3
Zimmermann,NOR,DEF,4.4,Available,1430,35,1,2.1,0.0
Lewis,NOR,DEF,4.4,Available,2301,48,3,1.7,0.3
Hanley,NOR,DEF,4.0,Available,1261,23,1,1.5,1.7
Pukki,NOR,FWD,6.4,Available,2884,139,21,3.9,11.4
Srbeny,NOR,FWD,5.2,NotAvail,41,13,1,1.6,0.0
Krul,NOR,GKP,4.6,Available,3240,109,10,3.0,2.2
McGovern,NOR,GKP,4.1,Available,158,11,2,5.5,4.9
Vrancic,NOR,MID,6.2,Available,624,29,1,1.4,0.1
Buendía,NOR,MID,6.0,Suspended,2458,94,12,2.6,0.7
Hernández,NOR,MID,5.3,Available,1374,52,0,2.0,0.1
Stiepermann,NOR,MID,5.0,Available,1173,32,0,1.3,0.1
McLean,NOR,MID,4.8,Available,2965,77,0,2.1,0.1
Cantwell,NOR,MID,4.5,Available,2484,111,10,3.0,13.0
Leitner,NOR,MID,4.3,Available,683,16,0,1.8,0.2
Tettey,NOR,MID,4.4,Available,2339,67,3,2.2,0.3
Trybull,NOR,MID,4.3,Available,1128,28,0,1.8,0.6
Drmic,NOR,FWD,5.3,Suspended,636,26,0,1.2,0.1
Roberts,NOR,MID,5.0,Available,24,3,0,1.0,0.0
Fahrmann,NOR,GKP,4.4,NotAvail,21,1,0,1.0,0.3
Byram,NOR,DEF,4.3,Available,1292,32,2,1.9,0.1
Heise,NOR,DEF,3.9,Available,0,0,0,0.0,0.6
Amadou,NOR,MID,4.5,NotAvail,756,18,0,1.6,0.1
Idah,NOR,FWD,4.4,Available,219,13,0,1.1,0.1
Mair,NOR,GKP,4.0,NotAvail,0,0,0,0.0,0.1
Famewo,NOR,DEF,3.9,Available,1,1,0,1.0,0.1
Duda,NOR,MID,4.4,NotAvail,723,24,0,2.4,0.1
Rupp,NOR,MID,4.4,Available,692,19,0,1.6,0.0
Martin,NOR,MID,4.5,Available,32,5,0,1.0,0.0
Thomas,NOR,DEF,4.0,Available,1,1,0,1.0,0.0
Adshead,NOR,MID,4.5,Available,0,0,0,0.0,0.0
Mousset,SHU,FWD,4.3,Available,1223,84,11,2.8,2.7
Stevens,SHU,DEF,5.2,Available,3345,142,8,3.7,4.6
Freeman,SHU,DEF,4.2,Available,6,2,0,1.0,0.1
O'Connell,SHU,DEF,4.5,Available,2915,111,6,3.4,2.3
Baldock,SHU,DEF,5.0,Available,3420,142,7,3.7,11.6
Egan,SHU,DEF,4.7,Available,3187,133,9,3.7,7.1
Stearman,SHU,DEF,3.9,NotAvail,0,0,0,0.0,1.9
Lundstram,SHU,DEF,4.6,Available,2452,144,15,4.2,28.8
Sharp,SHU,FWD,5.2,Available,1037,57,9,2.3,0.4
Eastwood,SHU,GKP,4.3,NotAvail,0,0,0,0.0,0.1
Duffy,SHU,MID,5.2,NotAvail,0,0,0,0.0,0.0
Fleck,SHU,MID,4.7,Available,2515,101,13,3.4,2.4
Norwood,SHU,MID,4.7,Available,3089,98,6,2.6,0.6
McGoldrick,SHU,FWD,5.4,Available,1810,65,6,2.3,0.2
Basham,SHU,DEF,4.6,Available,3242,123,6,3.2,2.1
Moore,SHU,GKP,4.3,Available,180,3,0,1.5,0.1
Freeman,SHU,MID,5.0,Available,360,13,0,1.2,0.1
Jagielka,SHU,DEF,4.1,Available,240,6,0,1.0,0.4
Callum Robinson,SHU,MID,4.9,Available,669,33,1,2.1,0.2
Morrison,SHU,MID,4.5,Available,12,1,0,1.0,0.1
Henderson,SHU,GKP,5.2,Available,3240,160,16,4.4,15.7
Osborn,SHU,MID,4.7,Available,590,19,0,1.5,0.0
McBurnie,SHU,FWD,5.5,Available,2105,86,6,2.4,0.4
Verrips,SHU,GKP,4.4,Available,0,0,0,0.0,0.1
Bešić,SHU,MID,4.3,NotAvail,243,9,0,1.0,0.1
Clarke,SHU,FWD,4.4,Available,33,2,0,1.0,0.1
Rodwell,SHU,MID,4.5,Available,15,1,0,1.0,0.0
Jack Robinson,SHU,DEF,4.0,Available,504,14,2,2.3,0.9
Berge,SHU,MID,4.7,Available,943,40,3,2.9,0.2
Zivkovic,SHU,FWD,4.7,Available,107,5,0,1.0,0.0
Retsos,SHU,DEF,4.5,NotAvail,0,0,0,0.0,0.0
Vestergaard,SOU,DEF,4.5,Available,1496,51,6,2.7,1.9
Bertrand,SOU,DEF,4.8,Available,2742,75,0,2.3,1.0
Valery,SOU,DEF,4.6,Available,778,18,0,1.6,0.1
Bednarek,SOU,DEF,4.4,Available,3057,84,5,2.5,1.3
Stephens,SOU,DEF,4.4,Available,2451,85,8,3.0,2.2
Yoshida,SOU,DEF,4.1,NotAvail,558,10,1,1.2,0.2
Ramsay,SOU,DEF,3.9,Available,0,0,0,0.0,1.3
Austin,SOU,FWD,6.0,NotAvail,0,0,0,0.0,0.0
Ings,SOU,FWD,7.6,Available,2800,198,40,5.2,31.4
Obafemi,SOU,FWD,4.9,Available,655,45,2,2.1,0.2
Long,SOU,FWD,4.6,Available,1386,62,4,2.4,2.1
Gallagher,SOU,FWD,4.5,NotAvail,0,0,0,0.0,0.0
Forster,SOU,GKP,4.2,Available,0,0,0,0.0,0.3
McCarthy,SOU,GKP,4.5,Available,2520,104,8,3.7,3.9
Gunn,SOU,GKP,4.2,Available,900,29,3,2.9,1.3
Redmond,SOU,MID,6.2,Available,2763,107,8,3.3,1.0
Ward-Prowse,SOU,MID,5.7,Available,3420,117,8,3.1,1.7
Elyounoussi,SOU,MID,5.2,NotAvail,0,0,0,0.0,0.0
Armstrong,SOU,MID,5.2,Available,1706,98,10,3.3,1.0
Lemina,SOU,MID,4.6,Available,0,0,0,0.0,0.0
Højbjerg,SOU,MID,4.8,Available,2750,75,1,2.3,0.3
Johnson,SOU,MID,4.4,NotAvail,0,0,0,0.0,0.0
Slattery,SOU,MID,4.4,Available,0,0,0,0.0,0.2
Oriol Romeu,SOU,MID,4.3,Available,1855,51,1,1.7,1.3
Walker-Peters,SOU,DEF,4.4,Available,944,32,2,2.5,0.7
Adams,SOU,FWD,5.3,Available,1095,78,8,2.6,0.4
Djenepo,SOU,MID,5.2,Available,920,40,3,2.2,0.1
Hoedt,SOU,DEF,4.2,Available,0,0,0,0.0,0.0
Boufal,SOU,MID,5.5,Available,753,34,0,1.7,0.1
Danso,SOU,DEF,4.2,Available,275,9,0,1.5,0.0
N'Lundulu,SOU,FWD,4.4,Available,0,0,0,0.0,0.1
Lewis,SOU,GKP,4.0,Available,0,0,0,0.0,0.1
Smallbone,SOU,MID,4.5,Available,389,24,1,2.7,0.0
Tella,SOU,MID,4.5,NotAvail,2,1,0,1.0,0.0
Vokins,SOU,DEF,4.0,Available,90,2,0,2.0,0.0
Jankewitz,SOU,MID,4.5,Available,0,0,0,0.0,0.0
Ferry,SOU,MID,4.5,Available,0,0,0,0.0,0.0
Maddox,SOU,MID,4.5,Available,0,0,0,0.0,0.0
Davies,TOT,DEF,5.3,Available,1430,41,2,2.3,0.3
Vertonghen,TOT,DEF,5.2,Available,1644,62,5,2.7,1.5
Alderweireld,TOT,DEF,5.3,Available,2957,97,6,2.9,5.0
Sánchez,TOT,DEF,5.3,Available,2431,64,4,2.2,1.0
Trippier,TOT,DEF,5.5,NotAvail,0,0,0,0.0,0.1
Foyth,TOT,DEF,4.8,Available,66,3,0,0.8,0.0
Aurier,TOT,DEF,5.1,Available,2699,124,15,3.8,7.7
Kane,TOT,FWD,11.0,Available,2588,158,26,5.4,13.1
Janssen,TOT,FWD,4.5,NotAvail,0,0,0,0.0,0.1
Lloris,TOT,GKP,5.3,Available,1808,98,13,4.7,4.1
Gazzaniga,TOT,GKP,4.1,Available,1612,58,6,3.2,1.5
Son,TOT,MID,9.7,Available,2478,169,18,5.6,8.5
Eriksen,TOT,MID,8.6,NotAvail,1090,48,6,2.4,2.3
Alli,TOT,MID,8.3,Available,1845,117,12,4.7,2.7
Lucas Moura,TOT,MID,7.0,Available,2235,100,3,2.9,4.1
Lamela,TOT,MID,5.7,Available,1203,65,2,2.6,1.1
Winks,TOT,MID,5.2,Available,2223,52,0,1.7,0.3
Wanyama,TOT,MID,4.7,NotAvail,24,1,0,0.5,0.1
Sissoko,TOT,MID,4.8,Available,2451,69,0,2.4,1.3
Dier,TOT,MID,4.8,Available,1340,36,0,1.9,0.2
Amos,TOT,MID,4.4,Available,0,0,0,0.0,0.0
Skipp,TOT,MID,4.2,Available,74,7,0,1.0,0.6
Ndombele,TOT,MID,5.8,Available,1002,45,2,2.1,2.2
Parrott,TOT,FWD,4.3,NotAvail,6,2,0,1.0,0.7
Lo Celso,TOT,MID,7.3,Available,1482,54,3,1.9,0.4
Sessegnon,TOT,MID,5.4,Available,341,9,0,1.5,0.1
Nkoudou,TOT,MID,5.0,NotAvail,2,1,0,1.0,0.0
Whiteman,TOT,GKP,4.0,Available,0,0,0,0.0,0.5
Vorm,TOT,GKP,4.2,Available,0,0,0,0.0,0.0
Austin,TOT,GKP,4.0,Available,0,0,0,0.0,0.2
Tanganga,TOT,DEF,3.9,Available,525,17,0,2.8,1.3
Fernandes,TOT,MID,4.6,Available,62,7,0,1.0,0.0
Bergwijn,TOT,MID,6.9,Available,699,43,5,3.1,0.8
White,TOT,MID,4.5,Available,0,0,0,0.0,0.0
Cirkin,TOT,DEF,4.0,Available,0,0,0,0.0,0.0
Holebas,WAT,DEF,4.6,NotAvail,1022,21,0,1.5,0.7
Kabasele,WAT,DEF,4.3,Available,2250,73,4,2.7,0.5
Masina,WAT,DEF,4.3,Available,1815,66,4,2.5,0.3
Mariappa,WAT,DEF,4.1,Available,1509,26,1,1.3,0.2
Kiko Femenía,WAT,DEF,4.2,Available,2236,54,0,1.9,0.9
Cathcart,WAT,DEF,4.1,Available,2488,77,3,2.7,2.8
Janmaat,WAT,DEF,4.0,Available,606,36,7,4.5,0.5
Navarro,WAT,DEF,3.9,Available,0,0,0,0.0,0.3
Prödl,WAT,DEF,3.9,NotAvail,56,1,0,1.0,1.0
Deeney,WAT,FWD,6.2,Available,2224,109,15,4.0,1.7
Deulofeu,WAT,FWD,6.1,Available,2097,88,9,3.1,1.7
Gray,WAT,FWD,5.5,Available,741,39,2,1.7,0.4
Success,WAT,FWD,4.7,Available,65,4,0,0.8,0.3
Foster,WAT,GKP,4.9,Available,3420,137,17,3.6,3.6
Dahlberg,WAT,GKP,4.2,Available,0,0,0,0.0,0.1
Doucouré,WAT,MID,5.4,Available,3156,113,9,3.1,1.7
Pereyra,WAT,MID,5.6,Available,1641,60,0,2.1,0.6
Hughes,WAT,MID,5.3,Available,2249,62,3,2.1,0.3
Cleverley,WAT,MID,4.8,Available,964,33,2,1.8,0.1
Sema,WAT,MID,4.7,Available,0,0,0,0.0,0.0
Capoue,WAT,MID,4.8,Available,2627,78,7,2.6,0.3
Chalobah,WAT,MID,4.4,Available,919,36,2,1.6,0.2
Quina,WAT,MID,4.3,Available,18,4,0,1.0,0.1
Dawson,WAT,DEF,4.8,Available,2359,61,2,2.1,0.3
Welbeck,WAT,FWD,5.8,Available,813,39,3,2.2,0.2
Gomes,WAT,GKP,4.3,Available,0,0,0,0.0,0.2
Sarr,WAT,MID,5.9,Available,2023,107,7,3.8,1.3
Foulquier,WAT,DEF,3.9,Available,57,1,0,0.3,0.2
Dele-Bashiru,WAT,MID,4.4,Available,0,0,0,0.0,0.0
João Pedro,WAT,FWD,4.8,Available,22,3,0,1.0,0.0
Pussetto,WAT,MID,4.6,Available,67,6,0,0.9,0.0
Peñaranda,WAT,FWD,4.5,Available,0,0,0,0.0,0.0
Cresswell,WHU,DEF,4.5,Available,2727,79,5,2.5,1.5
Ogbonna,WHU,DEF,4.5,Available,2786,81,0,2.6,0.9
Masuaku,WHU,DEF,4.1,Available,930,26,3,1.5,0.4
Zabaleta,WHU,DEF,4.1,NotAvail,588,10,0,1.0,0.4
Fredericks,WHU,DEF,4.4,Available,2235,74,7,2.7,0.4
Diop,WHU,DEF,4.3,Available,2765,76,3,2.4,2.5
Balbuena,WHU,DEF,4.3,Available,1176,40,3,2.4,0.3
Reid,WHU,DEF,3.9,NotAvail,0,0,0,0.0,3.6
Johnson,WHU,DEF,4.0,Available,270,6,0,2.0,2.2
Arnautovic,WHU,FWD,7.0,NotAvail,0,0,0,0.0,0.1
Chicharito,WHU,FWD,6.0,NotAvail,106,9,2,4.5,0.3
Xande Silva,WHU,FWD,4.3,Available,0,0,0,0.0,0.9
Fabianski,WHU,GKP,4.9,Available,2117,83,5,3.3,2.2
Antonio,WHU,MID,7.1,Available,1767,111,8,4.6,5.4
Felipe Anderson,WHU,MID,6.6,Available,1493,66,1,2.6,2.4
Lanzini,WHU,MID,6.1,Available,1370,50,3,2.1,0.7
Yarmolenko,WHU,MID,5.2,Available,981,70,10,3.0,0.7
Snodgrass,WHU,MID,5.0,Available,1504,87,8,3.6,0.6
Wilshere,WHU,MID,4.6,Available,209,8,0,1.0,0.2
Rice,WHU,MID,4.7,Available,3420,105,8,2.8,1.8
Noble,WHU,MID,4.9,Available,2675,105,8,3.2,1.0
Carlos Sánchez,WHU,MID,4.3,NotAvail,112,7,0,1.2,0.4
Diangana,WHU,MID,4.3,Available,0,0,0,0.0,0.1
Fornals,WHU,MID,6.0,Available,2167,93,4,2.6,0.3
Obiang,WHU,MID,4.5,NotAvail,0,0,0,0.0,0.0
Roberto,WHU,GKP,4.4,Available,686,18,1,2.2,0.3
Haller,WHU,FWD,6.8,Available,2259,102,11,3.2,2.1
Ajeti,WHU,FWD,5.6,Available,132,9,0,1.0,0.0
Martin,WHU,GKP,3.9,Available,435,20,2,4.0,3.3
Holland,WHU,MID,4.4,Available,31,2,0,1.0,0.0
Anang,WHU,GKP,4.0,Available,0,0,0,0.0,0.1
Ngakia,WHU,DEF,4.0,NotAvail,440,8,0,1.6,0.1
Cardoso,WHU,DEF,4.0,Available,0,0,0,0.0,0.1
Rosa,WHU,MID,4.5,Available,0,0,0,0.0,0.0
Randolph,WHU,GKP,3.9,Available,180,3,0,1.5,0.2
Soucek,WHU,MID,4.8,Available,1039,41,3,3.2,0.4
Bowen,WHU,MID,6.4,Available,916,44,3,3.4,0.2
Lewis,WHU,MID,4.5,Available,0,0,0,0.0,0.0
Coventry,WHU,MID,4.5,Available,0,0,0,0.0,0.0
Doherty,WOL,DEF,6.5,Available,2836,167,15,4.6,12.7
Jonny,WOL,DEF,5.5,Injured,2885,123,6,3.5,2.5
Coady,WOL,DEF,5.1,Available,3420,118,7,3.1,2.5
Boly,WOL,DEF,4.9,Available,1980,97,10,4.4,4.1
Vinagre,WOL,DEF,4.1,Available,644,32,1,2.0,0.2
Saïss,WOL,DEF,4.7,Available,2703,103,8,3.1,5.5
Kilman,WOL,DEF,3.9,Available,184,5,0,1.7,3.3
Jiménez,WOL,FWD,8.0,Available,3241,194,33,5.1,29.5
Jota,WOL,FWD,6.0,Available,2278,105,12,3.1,4.8
Patrício,WOL,GKP,5.3,Available,3420,153,8,4.0,9.9
Ruddy,WOL,GKP,4.2,Available,0,0,0,0.0,0.4
Norris,WOL,GKP,3.9,Available,0,0,0,0.0,0.7
Neves,WOL,MID,5.2,Available,3053,97,7,2.6,4.4
Moutinho,WOL,MID,5.3,Available,3105,113,12,3.0,4.4
Gibbs-White,WOL,MID,4.7,Available,125,11,0,1.6,0.1
Traoré,WOL,MID,5.6,Available,2599,130,14,3.5,13.2
Costa,WOL,MID,4.8,Available,0,0,0,0.0,0.0
Cavaleiro,WOL,MID,4.9,NotAvail,0,0,0,0.0,0.0
Dendoncker,WOL,MID,4.4,Available,2790,100,9,2.6,8.5
Vallejo,WOL,DEF,4.6,NotAvail,162,1,0,0.5,0.2
Cutrone,WOL,FWD,5.4,NotAvail,292,23,0,1.9,0.4
Neto,WOL,MID,4.9,Available,920,57,0,2.0,0.2
Ashley-Seal,WOL,FWD,4.5,Available,0,0,0,0.0,0.1
Perry,WOL,MID,4.5,Available,0,0,0,0.0,0.0
Otasowie,WOL,MID,4.5,Available,0,0,0,0.0,0.0
Cundle,WOL,MID,4.5,Available,0,0,0,0.0,0.0
Buur,WOL,DEF,4.0,Available,0,0,0,0.0,0.1
Giles,WOL,DEF,3.9,NotAvail,0,0,0,0.0,0.2
Jordao,WOL,MID,4.5,Available,6,1,0,1.0,0.0
Podence,WOL,MID,4.9,Available,285,25,2,2.8,0.1
Campana,WOL,FWD,4.5,Available,0,0,0,0.0,0.0
